{"envelope":{"headers":{"creationDate":"2021-06-28T14:58:31.257", "sourceSystem":"KCTR", "sourceTable":"CONTRATINDIVSANTE", "systemStart":"2021-07-01T09:02:37.117402Z", "systemEnd":"2021-07-02T08:57:12.559504Z"}, "triples":[], "instance":{"info":{"title":"Contrat", "version":"1.0.0", "baseUri":"http://example.org/"}, "Contrat":{"IdCtr":"10RC0005036666", "CdNatCtr":"RC", "DtDebCtr":"2004-09-01", "aDomBancaire":[{"IdDomBq":"7662442", "TypPerPorteur":"PP", "IdPerPorteur":"0104981620", "CdTypDom":"3", "CdBq":"10107", "CdGuichet":"00159", "NoCptBq":"00731022302", "CleRib":"78", "Iban":"FR7610107001590073102230278", "TituCpt":"MME LYDIE HOOGWOUD", "LibBq":"B.R.E.D", "DtDebValDomBq":"2011-08-30", "CdEtaDom":"2", "TopBqRef":"1", "noContrat":["10RC0005036666", "10RO0005036665"]}, {"IdDomBq":"7662440", "TypPerPorteur":"PP", "IdPerPorteur":"0104981620", "CdTypDom":"3", "CdBq":"18206", "CdGuichet":"00409", "NoCptBq":"58576020001", "CleRib":"69", "Iban":"FR7618206004095857602000169", "TituCpt":"MLLE LEOGANE LYDIE", "LibBq":"CRCAPARIDF", "DtDebValDomBq":"2006-06-02", "CdEtaDom":"2", "TopBqRef":"1", "noContrat":["10RC0005036666", "10RO0005036665"]}], "aStatut":[{"noContrat":"10RC0005036666", "CdSttCtr":"ACTIF", "DtDebEffSttCtr":"2004-09-01"}]}}}}