{"envelope":{"headers":{"creationDate":"2021-07-01T09:45:05.504", "sourceSystem":"KCTR", "sourceTable":"CONTRATINDIVSANTE", "systemStart":"2021-07-02T08:57:12.559504Z", "systemEnd":"9999-12-31T11:59:59Z"}, "triples":[], "instance":{"info":{"title":"Contrat", "version":"1.0.0", "baseUri":"http://example.org/"}, "Contrat":{"IdCtr":"10RC1909005578", "CdNatCtr":"RC", "DtDebCtr":"2019-11-01", "DomiciliationBancaire":[{"IdDomBq":"7662445", "TypPerPorteur":"PP", "IdPerPorteur":"0104981621", "CdTypDom":"3", "CdBq":"10107", "CdGuichet":"00159", "NoCptBq":"00638027880", "CleRib":"92", "Iban":"FR7610107001590063802788092", "TituCpt":"MLE CLAUDE NOELIE", "LibBq":"B.R.E.D", "DtDebValDomBq":"2019-11-08", "CdEtaDom":"2", "TopBqRef":"1", "noContrat":["10RC1909005578", "10RO1808759006"]}], "Statut":[{"noContrat":"10RC1909005578", "CdSttCtr":"ACTIF", "DtDebEffSttCtr":"2019-11-01"}]}}}}