{"envelope":{"headers":{"creationDate":"2021-06-28T14:58:31.261", "sourceSystem":"KCTR", "sourceTable":"CONTRATINDIVSANTE", "systemStart":"2021-06-28T16:54:57.982218Z", "systemEnd":"2021-06-29T10:23:30.455784Z"}, "triples":[], "instance":{"info":{"title":"Contrat", "version":"1.0.0", "baseUri":"http://example.org/"}, "Contrat":{"IdCtr":"10RC0605601095", "CdNatCtr":"RC", "DtDebCtr":"2006-09-01", "aStatut":[{"noContrat":"10RC0605601095", "CdSttCtr":"ACTIF", "DtDebEffSttCtr":"2006-09-01"}], "estViseParDossierContentieux":[{"codnatcont":"CO", "datcredoscontgft":"2020-06-19", "numdoscontgft":"34563", "noContrat":"10RC0605601095", "datcrecont":"2020-06-19"}]}}}}