{"envelope":{"headers":{"creationDate":"2021-06-28T14:58:31.26", "sourceSystem":"KCTR", "sourceTable":"CONTRATINDIVSANTE", "systemStart":"2021-07-01T09:02:37.117402Z", "systemEnd":"2021-07-02T08:57:12.559504Z"}, "triples":[], "instance":{"info":{"title":"Contrat", "version":"1.0.0", "baseUri":"http://example.org/"}, "Contrat":{"IdCtr":"10RO0605601082", "CdNatCtr":"RO", "DtDebCtr":"2006-09-01", "aDomBancaire":[{"IdDomBq":"7662443", "TypPerPorteur":"PP", "IdPerPorteur":"0102816150", "CdTypDom":"3", "CdBq":"10107", "CdGuichet":"00159", "NoCptBq":"00233014994", "CleRib":"66", "Iban":"FR7610107001590023301499466", "TituCpt":"M HENRY-HERVE HOOGWOUD", "LibBq":"B.R.E.D", "DtDebValDomBq":"2015-08-26", "CdEtaDom":"2", "TopBqRef":"1", "noContrat":["10RC0605601095", "10RO0605601082"]}, {"IdDomBq":"7662441", "TypPerPorteur":"PP", "IdPerPorteur":"0102816150", "CdTypDom":"3", "CdBq":"20041", "CdGuichet":"01019", "NoCptBq":"0060613N016", "CleRib":"48", "Iban":"FR6520041010190060613N01648", "TituCpt":"MR HOOGWOUD HENRY-HERVE", "LibBq":"LBP", "DtDebValDomBq":"2006-09-13", "CdEtaDom":"2", "TopBqRef":"1", "noContrat":["10RO0605601082", "10RC0605601095"]}], "aStatut":[{"noContrat":"10RO0605601082", "CdSttCtr":"ACTIF", "DtDebEffSttCtr":"2006-09-01"}]}}}}