{"envelope":{"headers":{"creationDate":"2021-06-28T14:58:31.261", "sourceSystem":"KCTR", "sourceTable":"CONTRATINDIVSANTE", "systemStart":"2021-07-01T08:30:30.581536Z", "systemEnd":"2021-07-01T08:48:00.175111Z"}, "triples":[], "instance":{"info":{"title":"Contrat", "version":"1.0.0", "baseUri":"http://example.org/"}, "Contrat":{"IdCtr":"10RC0605601095", "CdNatCtr":"RC", "DtDebCtr":"2006-09-01", "aStatut":[{"noContrat":"10RC0605601095", "CdSttCtr":"ACTIF", "DtDebEffSttCtr":"2006-09-01"}], "estViseParDossierContentieux":[{"codnatcont":"CO", "datcredoscontgft":"2020-06-19", "numdoscontgft":"34563", "noContrat":"10RC0605601095", "datcrecont":"2020-06-19", "aPhaseRecouvrement":[{"codphaserecouv":"RAP", "codstatmouv":"ACT", "datcrephaserecouv":"2019-08-23", "datdebeffphaserecouv":"2019-07-17", "noDossCont":"34563"}]}]}}}}