{"envelope":{"headers":{"creationDate":"2021-06-28T14:58:31.256", "sourceSystem":"KCTR", "sourceTable":"CONTRATINDIVSANTE", "systemStart":"2021-06-29T10:23:30.455784Z", "systemEnd":"2021-07-01T08:24:48.355056Z"}, "triples":[], "instance":{"info":{"title":"Contrat", "version":"1.0.0", "baseUri":"http://example.org/"}, "Contrat":{"IdCtr":"10RC1909005578", "CdNatCtr":"RC", "DtDebCtr":"2019-11-01", "aStatut":[{"noContrat":"10RC1909005578", "CdSttCtr":"ACTIF", "DtDebEffSttCtr":"2019-11-01"}], "aDomBancaire":[{"IdDomBq":"7662445", "TypPerPorteur":"PP", "IdPerPorteur":"0104981621", "CdTypDom":"3", "CdBq":"10107", "CdGuichet":"00159", "NoCptBq":"00638027880", "CleRib":"92", "Iban":"FR7610107001590063802788092", "TituCpt":"MLE CLAUDE NOELIE", "LibBq":"B.R.E.D", "DtDebValDomBq":"2019-11-08", "CdEtaDom":"2", "TopBqRef":"1", "noContrat":["10RC1909005578", "10RO1808759006"]}]}}}}