{"envelope":{"headers":{"creationDate":"2021-07-01T09:45:05.531", "sourceSystem":"KCTR", "sourceTable":"CONTRATINDIVSANTE", "systemStart":"2021-07-02T08:57:12.559504Z", "systemEnd":"9999-12-31T11:59:59Z"}, "triples":[], "instance":{"info":{"title":"Contrat", "version":"1.0.0", "baseUri":"http://example.org/"}, "Contrat":{"IdCtr":"10RC0003886417", "CdNatCtr":"RC", "DtDebCtr":"1976-12-01", "DomiciliationBancaire":[{"IdDomBq":"7662439", "TypPerPorteur":"PP", "IdPerPorteur":"0102562235", "CdTypDom":"3", "CdBq":"20041", "CdGuichet":"01019", "NoCptBq":"0019758F016", "CleRib":"56", "Iban":"FR6220041010190019758F01656", "TituCpt":"MLE HOOGWOUD M-THERESE", "LibBq":"LBP", "DtDebValDomBq":"2006-06-02", "CdEtaDom":"2", "TopBqRef":"1", "noContrat":["10RO0003886416", "10RC0003886417"]}], "Statut":[{"noContrat":"10RC0003886417", "CdSttCtr":"ACTIF", "DtDebEffSttCtr":"1976-12-01"}]}}}}