{"envelope":{"headers":{"creationDate":"2021-06-28T14:58:31.259", "sourceSystem":"KCTR", "sourceTable":"CONTRATINDIVSANTE", "systemStart":"2021-07-01T09:02:37.117402Z", "systemEnd":"2021-07-02T08:57:12.559504Z"}, "triples":[], "instance":{"info":{"title":"Contrat", "version":"1.0.0", "baseUri":"http://example.org/"}, "Contrat":{"IdCtr":"10RO1808759006", "CdNatCtr":"RO", "DtDebCtr":"2018-12-15", "aDomBancaire":[{"IdDomBq":"7662445", "TypPerPorteur":"PP", "IdPerPorteur":"0104981621", "CdTypDom":"3", "CdBq":"10107", "CdGuichet":"00159", "NoCptBq":"00638027880", "CleRib":"92", "Iban":"FR7610107001590063802788092", "TituCpt":"MLE CLAUDE NOELIE", "LibBq":"B.R.E.D", "DtDebValDomBq":"2019-11-08", "CdEtaDom":"2", "TopBqRef":"1", "noContrat":["10RC1909005578", "10RO1808759006"]}, {"IdDomBq":"7662444", "TypPerPorteur":"PP", "IdPerPorteur":"0104981621", "CdTypDom":"3", "CdBq":"10107", "CdGuichet":"00159", "NoCptBq":"00731022302", "CleRib":"78", "Iban":"FR7610107001590073102230278", "TituCpt":"MME LYDIE HOOGWOUD", "LibBq":"B.R.E.D", "DtDebValDomBq":"2018-12-15", "CdEtaDom":"2", "TopBqRef":"1", "noContrat":["10RO1808759006"]}], "aStatut":[{"noContrat":"10RO1808759006", "CdSttCtr":"ACTIF", "DtDebEffSttCtr":"2018-12-15"}, {"noContrat":"10RO1808759006", "CdSttCtr":"ACTIF", "DtDebEffSttCtr":"2018-12-15"}]}}}}