{"envelope":{"headers":{"creationDate":"2021-06-28T14:58:31.259", "sourceSystem":"KCTR", "sourceTable":"CONTRATINDIVSANTE", "systemStart":"2021-06-29T10:05:59.853219Z", "systemEnd":"2021-06-29T10:23:30.455784Z"}, "triples":[], "instance":{"info":{"title":"Contrat", "version":"1.0.0", "baseUri":"http://example.org/"}, "Contrat":{"IdCtr":"10RO1808759006", "CdNatCtr":"RO", "DtDebCtr":"2018-12-15", "aStatut":[{"noContrat":"10RO1808759006", "CdSttCtr":"ACTIF", "DtDebEffSttCtr":"2018-12-15"}, {"noContrat":"10RO1808759006", "CdSttCtr":"ACTIF", "DtDebEffSttCtr":"2018-12-15"}], "aDomBancaire":[{"IdDomBq":"7662444", "TypPerPorteur":"PP", "IdPerPorteur":"0104981621", "CdTypDom":"3", "CdBq":"10107", "CdGuichet":"00159", "NoCptBq":"00731022302", "CleRib":"78", "Iban":"FR7610107001590073102230278", "TituCpt":"MME LYDIE HOOGWOUD", "LibBq":"B.R.E.D", "DtDebValDomBq":"2018-12-15", "CdEtaDom":"2", "TopBqRef":"1", "noContrat":["[\"10RO1808759006\"]"]}]}}}}