{"envelope":{"headers":{"creationDate":"2021-06-28T14:58:31.259", "sourceSystem":"KCTR", "sourceTable":"CONTRATINDIVSANTE", "systemStart":"2021-06-28T16:54:57.982218Z", "systemEnd":"2021-06-29T09:23:14.598518Z"}, "triples":[], "instance":{"info":{"title":"Contrat", "version":"1.0.0", "baseUri":"http://example.org/"}, "Contrat":{"IdCtr":"10RO1808759006", "CdNatCtr":"RO", "DtDebCtr":"2018-12-15", "aStatut":[{"noContrat":"10RO1808759006", "CdSttCtr":"ACTIF", "DtDebEffSttCtr":"2018-12-15"}, {"noContrat":"10RO1808759006", "CdSttCtr":"ACTIF", "DtDebEffSttCtr":"2018-12-15"}]}}}}